{
    "env_name": "BreakoutDeterministic-v4",
    "model_path": "./weights/BreakoutDeterministic-v4_dqn_3000000frames.pth",
    "num_episodes": 30,
    "rewards": {
        "mean": 159.26666666666668,
        "median": 158.5,
        "std": 71.65655742653439,
        "max": 317.0,
        "all_rewards": [
            195.0,
            242.0,
            125.0,
            159.0,
            69.0,
            260.0,
            257.0,
            66.0,
            259.0,
            112.0,
            95.0,
            47.0,
            209.0,
            213.0,
            192.0,
            252.0,
            317.0,
            97.0,
            164.0,
            158.0,
            225.0,
            93.0,
            65.0,
            77.0,
            105.0,
            111.0,
            117.0,
            180.0,
            116.0,
            201.0
        ]
    },
    "lengths": {
        "mean": 1513.6666666666667,
        "median": 1547.0,
        "all_lengths": [
            1135,
            1390,
            1470,
            1550,
            1179,
            1830,
            1755,
            1264,
            1894,
            1605,
            1431,
            1193,
            1327,
            1678,
            1290,
            1839,
            1544,
            1432,
            1696,
            1656,
            1594,
            1389,
            1139,
            1414,
            1607,
            1429,
            1693,
            1700,
            1641,
            1646
        ]
    },
    "actions": {
        "distribution": {
            "1": 1762,
            "0": 28562,
            "3": 9188,
            "2": 5898
        }
    },
    "paper_comparison": {
        "game": "breakout",
        "your_score": 159.26666666666668,
        "dqn_paper_score": 401.2,
        "human_score": 31.8,
        "random_score": 1.7,
        "human_normalized_score": 5.234772978959026,
        "percent_of_dqn_paper_performance": 39.69757394483218,
        "exceeds_human": "True",
        "exceeds_dqn_paper": "False"
    },
    "timestamp": "20250317_002010",
    "q_values": {
        "mean_max_q": 4.228410243988037
    }
}