{
    "env_name": "BreakoutDeterministic-v4",
    "model_path": "./weights/BreakoutDeterministic-v4_dqn_1500000frames.pth",
    "num_episodes": 30,
    "rewards": {
        "mean": 28.433333333333334,
        "median": 28.0,
        "std": 9.35479674938062,
        "max": 47.0,
        "all_rewards": [
            43.0,
            31.0,
            31.0,
            19.0,
            26.0,
            16.0,
            24.0,
            28.0,
            23.0,
            15.0,
            46.0,
            17.0,
            29.0,
            30.0,
            21.0,
            18.0,
            25.0,
            20.0,
            35.0,
            30.0,
            47.0,
            34.0,
            25.0,
            14.0,
            28.0,
            44.0,
            44.0,
            37.0,
            23.0,
            30.0
        ]
    },
    "lengths": {
        "mean": 805.3333333333334,
        "median": 821.5,
        "all_lengths": [
            746,
            782,
            841,
            667,
            636,
            660,
            656,
            865,
            579,
            626,
            1168,
            702,
            861,
            649,
            615,
            612,
            833,
            687,
            1007,
            868,
            1087,
            989,
            871,
            602,
            848,
            1040,
            1007,
            924,
            922,
            810
        ]
    },
    "actions": {
        "distribution": {
            "1": 12381,
            "3": 5523,
            "0": 3823,
            "2": 2433
        }
    },
    "paper_comparison": {
        "game": "breakoutdeterministic",
        "note": "No DQN paper results available for comparison"
    },
    "timestamp": "20250315_210003",
    "q_values": {
        "mean_max_q": 2.970449686050415
    }
}