{
    "env_name": "BreakoutDeterministic-v4",
    "model_path": "./weights/BreakoutDeterministic-v4_dqn_best.pth",
    "num_episodes": 30,
    "rewards": {
        "mean": 67.76666666666667,
        "median": 62.0,
        "std": 18.925614623807835,
        "max": 119.0,
        "all_rewards": [
            80.0,
            62.0,
            60.0,
            62.0,
            42.0,
            88.0,
            64.0,
            51.0,
            44.0,
            76.0,
            62.0,
            47.0,
            59.0,
            74.0,
            55.0,
            61.0,
            73.0,
            81.0,
            110.0,
            63.0,
            48.0,
            61.0,
            67.0,
            59.0,
            52.0,
            119.0,
            67.0,
            61.0,
            115.0,
            70.0
        ]
    },
    "lengths": {
        "mean": 1320.4333333333334,
        "median": 1312.0,
        "all_lengths": [
            1325,
            1221,
            1392,
            1339,
            1048,
            1514,
            1196,
            1239,
            1012,
            1379,
            1326,
            1149,
            1120,
            1544,
            1233,
            1266,
            1346,
            1538,
            1597,
            1284,
            1063,
            1294,
            1299,
            1265,
            1068,
            1706,
            1356,
            1355,
            1794,
            1345
        ]
    },
    "actions": {
        "distribution": {
            "1": 1606,
            "3": 22244,
            "0": 8887,
            "2": 6876
        }
    },
    "paper_comparison": {
        "game": "breakoutdeterministic",
        "note": "No DQN paper results available for comparison"
    },
    "timestamp": "20250316_023039",
    "q_values": {
        "mean_max_q": 3.871985673904419
    }
}