{
    "env_name": "FlappyBird-v0",
    "model_path": "./weights/FlappyBird-v0_dqn_best.pth",
    "num_episodes": 30,
    "rewards": {
        "mean": 0.027566666666666684,
        "median": 0.023500000000000014,
        "std": 0.01720403699394097,
        "max": 0.059000000000000045,
        "all_rewards": [
            0.03000000000000002,
            0.01900000000000001,
            0.004,
            0.058000000000000045,
            0.017000000000000008,
            0.059000000000000045,
            0.014000000000000005,
            0.02000000000000001,
            0.02000000000000001,
            0.05600000000000004,
            0.016000000000000007,
            0.01900000000000001,
            0.03200000000000002,
            0.003,
            0.002,
            0.03200000000000002,
            0.047000000000000035,
            0.008,
            0.016000000000000007,
            0.008,
            0.04300000000000003,
            0.009000000000000001,
            0.047000000000000035,
            0.03300000000000002,
            0.03100000000000002,
            0.027000000000000017,
            0.04500000000000003,
            0.03400000000000002,
            0.02000000000000001,
            0.058000000000000045
        ]
    },
    "lengths": {
        "mean": 28.566666666666666,
        "median": 24.5,
        "all_lengths": [
            31,
            20,
            5,
            59,
            18,
            60,
            15,
            21,
            21,
            57,
            17,
            20,
            33,
            4,
            3,
            33,
            48,
            9,
            17,
            9,
            44,
            10,
            48,
            34,
            32,
            28,
            46,
            35,
            21,
            59
        ]
    },
    "actions": {
        "distribution": {
            "1": 30,
            "0": 827
        }
    },
    "timestamp": "20250316_154020",
    "q_values": {
        "mean_max_q": 3.016632318496704
    }
}