{
    "env_name": "BreakoutDeterministic-v4",
    "model_path": "./weights/BreakoutDeterministic-v4_dqn_3000000frames.pth",
    "num_episodes": 30,
    "rewards": {
        "mean": 135.86666666666667,
        "median": 122.0,
        "std": 62.183992223794135,
        "max": 266.0,
        "all_rewards": [
            226.0,
            99.0,
            212.0,
            131.0,
            80.0,
            74.0,
            131.0,
            122.0,
            99.0,
            122.0,
            266.0,
            165.0,
            115.0,
            257.0,
            104.0,
            153.0,
            88.0,
            69.0,
            220.0,
            71.0,
            165.0,
            70.0,
            93.0,
            40.0,
            169.0,
            68.0,
            231.0,
            126.0,
            218.0,
            92.0
        ]
    },
    "lengths": {
        "mean": 1465.3666666666666,
        "median": 1491.5,
        "all_lengths": [
            1697,
            1468,
            1327,
            1592,
            1400,
            1134,
            1515,
            1782,
            1249,
            1621,
            1804,
            1562,
            1524,
            1838,
            1369,
            1660,
            1444,
            1193,
            1968,
            1054,
            1837,
            1181,
            1103,
            691,
            1552,
            1243,
            1615,
            1453,
            1621,
            1464
        ]
    },
    "actions": {
        "distribution": {
            "1": 1636,
            "0": 27578,
            "3": 8520,
            "2": 6227
        }
    },
    "paper_comparison": {
        "game": "breakout",
        "your_score": 135.86666666666667,
        "dqn_paper_score": 401.2,
        "human_score": 31.8,
        "random_score": 1.7,
        "human_normalized_score": 4.457364341085272,
        "percent_of_dqn_paper_performance": 33.86507145230974,
        "exceeds_human": "True",
        "exceeds_dqn_paper": "False"
    },
    "timestamp": "20250316_094952",
    "q_values": {
        "mean_max_q": 4.195245265960693
    }
}